[
  {
    "name": "officedev-microsoft-teams-samples-bot-conversation-python",
    "source": "officeDev",
    "title": "Conversation Bot using Bot Framework v4",
    "shortDescription": "This sample app demonstrates use of different bot conversation events available in bot framework v4 for personal and teams scope.",
    "url": "https://github.com/OfficeDev/Microsoft-Teams-Samples/tree/main/samples/bot-conversation/python",
    "longDescription": [
      "This sample app demonstrates use of different bot conversation events available in bot framework v4 for personal and teams scope."
    ],
    "creationDateTime": "2019-10-17",
    "updateDateTime": "2022-10-01",
    "products": [
      "Teams"
    ],
    "metadata": [
      {
        "key": "TEAMS-SAMPLE-SOURCE",
        "value": "OfficeDev"
      },
      {
        "key": "TEAMS-SERVER-LANGUAGE",
        "value": "python"
      },
      {
        "key": "TEAMS-SERVER-PLATFORM",
        "value": "python"
      },
      {
        "key": "TEAMS-FEATURES",
        "value": "bot"
      }
    ],
    "thumbnails": [
      {
        "type": "image",
        "order": 100,
        "url": "https://raw.githubusercontent.com/OfficeDev/Microsoft-Teams-Samples/main/samples/bot-conversation/python/Images/BotConversation.gif",
        "alt": "Solution UX showing Conversation Bot using python"
      }
    ],
    "authors": [
      {
        "gitHubAccount": "OfficeDev",
        "pictureUrl": "https://avatars.githubusercontent.com/u/6789362?s=200&v=4",
        "name": "OfficeDev"
      }
    ],
    "references": [
      {
        "name": "Teams developer documentation",
        "url": "https://aka.ms/TeamsPlatformDocs"
      },
      {
        "name": "Teams developer questions",
        "url": "https://aka.ms/TeamsPlatformFeedback"
      },
      {
        "name": "Teams development videos from Microsoft",
        "url": "https://aka.ms/sample-ref-teams-vids-from-microsoft"
      },
      {
        "name": "Teams development videos from the community",
        "url": "https://aka.ms/sample-ref-teams-vids-from-community"
      }
    ]
  }
]